1450407621140,268,Get User,200,OK,StandardBench 1-1,text,true,19963,1,1,265
1450407621464,131,Exposed,200,OK,StandardBench 1-1,text,true,15296,1,1,131
1450407621729,132,StartBPD,200,OK,StandardBench 1-1,text,true,4169,1,1,132
1450407624857,1109,Query,200,OK,StandardBench 1-1,text,true,767,1,1,1109
1450407628886,27,Get Task URL,200,OK,StandardBench 1-1,text,true,380,1,1,27
1450407630423,22,Task Actions,200,OK,StandardBench 1-1,text,true,603,1,1,22
1450407633505,51,Call Task URL,200,OK,StandardBench 1-1,text,true,7338,1,1,44
1450407635519,47,Submit Coach,200,OK,StandardBench 1-1,text,true,414,1,1,47
1450407638360,5,Complete URL,200,OK,StandardBench 1-1,text,true,4713,1,1,5
1450407642851,6,Query,200,OK,StandardBench 1-1,text,true,702,1,1,6
1450407645793,10,Get Task URL,200,OK,StandardBench 1-1,text,true,380,1,1,10
1450407647218,22,Task Actions,200,OK,StandardBench 1-1,text,true,603,1,1,22
1450407650892,66,Call Task URL,200,OK,StandardBench 1-1,text,true,7353,1,1,46
1450407654805,31,Submit Coach,200,OK,StandardBench 1-1,text,true,414,1,1,31
1450407656477,4,Complete URL,200,OK,StandardBench 1-1,text,true,4631,1,1,4
1450407659954,6,Query,200,OK,StandardBench 1-1,text,true,832,1,1,5
1450407661181,10,Get Task URL,200,OK,StandardBench 1-1,text,true,380,1,1,9
1450407663831,20,Task Actions,200,OK,StandardBench 1-1,text,true,603,1,1,20
1450407667084,65,Call Task URL,200,OK,StandardBench 1-1,text,true,7353,1,1,46
1450407669865,32,Submit Coach,200,OK,StandardBench 1-1,text,true,414,1,1,32
1450407674698,5,Complete URL,200,OK,StandardBench 1-1,text,true,4631,1,1,5
1450407678371,6,Query,200,OK,StandardBench 1-1,text,true,767,1,1,6
1450407681594,10,Get Task URL,200,OK,StandardBench 1-1,text,true,380,1,1,10
1450407685746,22,Task Actions,200,OK,StandardBench 1-1,text,true,603,1,1,22
1450407898772,292,Get User,200,OK,StandardBench 1-1,text,true,19963,1,1,288
1450407899122,149,Exposed,200,OK,StandardBench 1-1,text,true,15296,1,1,149
1450407899405,101,StartBPD,200,OK,StandardBench 1-1,text,true,4169,1,1,101
1450407900833,35,Query,200,OK,StandardBench 1-1,text,true,702,1,1,35
1450407901799,21,Get Task URL,200,OK,StandardBench 1-1,text,true,380,1,1,21
1450407902542,22,Task Actions,200,OK,StandardBench 1-1,text,true,603,1,1,22
1450407905607,67,Call Task URL,200,OK,StandardBench 1-1,text,true,7336,1,1,50
1450407906948,29,Submit Coach,200,OK,StandardBench 1-1,text,true,414,1,1,29
1450407909599,6,Complete URL,200,OK,StandardBench 1-1,text,true,4713,1,1,6
1450407913066,7,Query,200,OK,StandardBench 1-1,text,true,832,1,1,7
1450407915248,10,Get Task URL,200,OK,StandardBench 1-1,text,true,380,1,1,10
1450407920002,25,Task Actions,200,OK,StandardBench 1-1,text,true,603,1,1,25
1450407922224,66,Call Task URL,200,OK,StandardBench 1-1,text,true,7353,1,1,52
1450407924606,43,Submit Coach,200,OK,StandardBench 1-1,text,true,414,1,1,43
1450407930123,11,Complete URL,200,OK,StandardBench 1-1,text,true,4631,1,1,11
1450407934535,29,Query,200,OK,StandardBench 1-1,text,true,767,1,1,29
1450407936207,17,Get Task URL,200,OK,StandardBench 1-1,text,true,380,1,1,17
1450407940539,21,Task Actions,200,OK,StandardBench 1-1,text,true,603,1,1,21
1450407943544,65,Call Task URL,200,OK,StandardBench 1-1,text,true,7353,1,1,46
1450407947230,30,Submit Coach,200,OK,StandardBench 1-1,text,true,414,1,1,30
1450407949766,4,Complete URL,200,OK,StandardBench 1-1,text,true,4631,1,1,4
1450407953537,6,Query,200,OK,StandardBench 1-1,text,true,702,1,1,5
1450407955875,9,Get Task URL,200,OK,StandardBench 1-1,text,true,380,1,1,8
1450407959180,7,Task Actions,200,OK,StandardBench 1-1,text,true,603,1,1,7
1450407964792,39,Call Task URL,200,OK,StandardBench 1-1,text,true,7353,1,1,33
1450407968856,30,Submit Coach,200,OK,StandardBench 1-1,text,true,414,1,1,30
1450407973959,9,Complete URL,200,OK,StandardBench 1-1,text,true,4631,1,1,9
1450407973968,12,Query Active,200,OK,StandardBench 1-1,text,true,381,1,1,12
1450407973985,7,Log Out,200,OK,StandardBench 1-1,text,true,31821,1,1,2
